team_id,school,mascot,city,state,first,last,years,games,wins,losses,win_pct,srs,sos,polls_ap,champ_seas,champ_conf,appear_ncaa,appear_four,champ_ncaa
1,Abilene Christian,Wildcats,Abilene,TX,1971,2023,13,388,210,178,0.541,-7.97,-5.88,0,0,2,2,0,0
2,Air Force,Falcons,USAF Academy,CO,1958,2023,66,1811,785,1026,0.433,-2.75,1.34,0,1,0,4,0,0
3,Akron,Zips,Akron,OH,1902,2023,72,1681,1002,679,0.596,-0.05,-1.53,0,9,5,5,0,0
4,Alabama A&M,Bulldogs,Normal,AL,2000,2023,24,686,264,422,0.385,-16.68,-11.18,0,1,1,1,0,0
5,Alabama,Crimson Tide,Tuscaloosa,AL,1913,2023,110,2853,1764,1088,0.619,7.77,4.84,16,12,8,23,0,0
6,Alabama State,Hornets,Montgomery,AL,1983,2023,41,1208,561,647,0.464,-13.28,-9.97,0,4,4,4,0,0
7,Albany (NY),Great Danes,Albany,NY,2000,2023,24,736,354,382,0.481,-7.09,-5.96,0,2,5,5,0,0
8,Alcorn State,Braves,Alcorn State,MS,1978,2023,46,1358,593,765,0.437,-13.47,-8.73,0,11,6,6,0,0
9,Allegheny,Gators,Meadville,PA,1896,1916,21,234,191,41,0.823,,,0,0,0,,,
10,American,Eagles,Washington,DC,1967,2023,57,1606,786,820,0.489,-5.77,-3.89,0,7,3,3,0,0
11,Amherst Lord,Jeffs,Amherst,MA,1901,1902,2,12,12,0,1,,,0,0,0,,,
12,Appalachian State,Mountaineers,Boone,NC,1974,2023,50,1480,727,753,0.491,-5.72,-3.26,0,10,3,3,0,0
13,Arizona State,Sun Devils,Tempe,AZ,1912,2023,108,2663,1414,1249,0.531,5.11,4.14,7,8,0,16,0,0
14,Arizona,Wildcats,Tucson,AZ,1905,2023,116,2848,1883,964,0.661,9.33,5.15,28,25,8,36,4,1
15,Arkansas,Razorbacks,Fayetteville,AR,1924,2023,100,2775,1780,995,0.641,7.94,3.33,18,26,7,34,6,1
16,Arkansas State Red,Wolves,State University,AR,1971,2023,53,1538,785,753,0.51,-3.73,-3,0,7,1,1,0,0
17,Arkansas-Pine Bluff,Golden Lions,Pine Bluff,AR,1999,2023,25,754,220,534,0.292,-19.37,-8.2,0,0,1,1,0,0
18,Armstrong,Pirates,Savannah,GA,1987,1987,1,28,6,22,0.214,-21.6,-4.78,0,0,0,0,0,0
19,Army,Black Knights,West Point,NY,1903,2023,121,2601,1294,1307,0.498,-9.08,-4.68,0,0,0,0,0,0
20,Auburn,Tigers,Auburn,AL,1906,2023,117,2691,1450,1240,0.539,5.93,4.37,9,5,2,11,1,0
21,Augusta State,Jaguars,Augusta,GA,1985,1991,7,197,64,133,0.325,-17.3,-7.99,0,0,0,0,0,0
22,Augustana (IL),Vikings,Rock Island,IL,1902,1917,12,116,81,35,0.698,,,0,0,0,,,
23,Austin Peay,Governors,Clarksville,TN,1964,2023,60,1727,859,868,0.497,-5.67,-3.45,1,8,5,7,0,0
24,Baker University,Wildcats,Baldwin City,KS,1903,1908,6,90,62,28,0.689,,,0,0,0,,,
25,Baldwin-Wallace,Yellow Jackets,Berea,OH,1948,1953,6,139,82,57,0.59,-4.46,1.83,0,0,0,0,0,0
26,Ball State,Cardinals,Muncie,IN,1972,2023,52,1528,812,716,0.531,-0.98,-0.82,1,12,7,7,0,0
27,Baltimore,Super Bees,Baltimore,MD,1979,1983,5,133,46,87,0.346,-13.75,-6.44,0,0,0,0,0,0
28,Baylor,Bears,Waco,TX,1907,2023,117,2849,1454,1395,0.51,2.45,2.85,9,7,0,14,3,1
29,Bellarmine,Knights,Louisville,KY,2021,2023,3,88,49,39,0.557,-4.24,-2.66,0,0,1,0,0,0
30,Belmont,Bruins,Nashville,TN,2000,2023,24,763,513,250,0.672,1.58,-3.55,0,14,8,8,0,0
31,Beloit,Buccaneers,Beloit,WA,1911,1924,8,95,66,28,0.702,,,0,0,0,,,
32,Bethune-Cookman,Wildcats,Daytona Beach,FL,1981,2023,42,1247,455,792,0.365,-16.59,-9.82,0,2,0,0,0,0
33,Binghamton,Bearcats,Binghamton,NY,2002,2023,22,651,234,417,0.359,-11.17,-5.53,0,1,1,1,0,0
34,Birmingham-Southern,Panthers,Birmingham,AL,1920,2006,5,105,65,40,0.619,-5.44,-8.72,0,1,0,0,0,0
35,Bloomsburg,Huskies,Bloomsburg,PA,1896,1911,15,143,88,55,0.615,,,0,0,0,,,
36,Boise State,Broncos,Boise,ID,1972,2023,52,1539,872,667,0.567,0.92,-0.3,1,7,6,8,0,0
37,Boston College,Eagles,Chestnut Hill,MA,1946,2023,78,2198,1188,1010,0.54,3.11,3.31,8,6,2,18,0,0
38,Boston University,Terriers,Boston,MA,1916,2023,97,2250,1157,1093,0.514,-6.69,-5.41,0,8,7,7,0,0
39,Bowling Green State,Falcons,Bowling Green,OH,1916,2023,108,2691,1446,1245,0.537,-0.64,-0.05,2,9,0,4,0,0
40,Bradley,Braves,Peoria,IL,1903,2023,119,2997,1746,1251,0.583,4.72,2.88,12,8,4,9,2,0
41,Brigham Young College,Empty,Logan,UT,1908,1908,1,11,10,1,0.909,,,0,0,0,,,
42,Brigham Young,Cougars,Provo,UT,1903,2023,121,3051,1916,1135,0.628,7.87,3.69,12,25,3,30,0,0
43,Brooklyn,Bulldogs,Brooklyn,NY,1934,1992,25,567,233,334,0.411,-19.22,-9.63,0,0,0,0,0,0
44,Brown,Bears,Providence,RI,1901,2023,117,2657,1087,1570,0.409,-10.63,-4.5,0,1,0,2,0,0
45,Bryant,Bulldogs,Smithfield,RI,2011,2023,13,394,166,228,0.421,-9.39,-5.61,0,1,1,1,0,0
46,Bucknell,Bison,Lewisburg,PA,1896,2023,128,2788,1489,1299,0.534,-8.33,-6.81,0,18,8,8,0,0
47,Buffalo,Bulls,Buffalo,NY,1907,2023,54,1323,683,640,0.516,-4.35,-2.24,1,5,4,4,0,0
48,Butler,Bulldogs,Indianapolis,IN,1897,2023,125,2862,1657,1205,0.579,2.01,3.39,8,13,7,16,2,0
49,Cal Poly,Mustangs,San Luis Obispo,CA,1995,2023,29,848,321,527,0.379,-7.19,-1.75,0,1,1,1,0,0
50,Cal State Bakersfield,Roadrunners,Bakersfield,CA,2011,2023,13,402,191,211,0.475,-4.96,-2.84,0,1,1,1,0,0
51,Cal State Fullerton,Titans,Fullerton,CA,1975,2023,49,1422,680,742,0.478,-1.9,-0.39,0,2,4,4,0,0
52,Cal State Los Angeles,Golden Eagles,Los Angeles,CA,1971,1975,5,130,70,60,0.538,-1.89,1.34,0,0,0,1,0,0
53,Cal State Northridge,Matadors,Northridge,CA,1991,2023,33,980,407,573,0.415,-5.81,-1.82,0,3,2,2,0,0
54,California Baptist,Lancers,Riverside,CA,2019,2023,5,150,84,66,0.56,-2.81,-3.94,0,0,0,0,0,0
55,California Golden,Bears,Berkeley,CA,1908,2023,114,2927,1659,1268,0.567,6.89,6.17,5,14,0,19,3,1
56,Campbell Fighting,Camels,Buies Creek,NC,1978,2023,46,1333,567,766,0.425,-12.13,-7.05,0,2,1,1,0,0
57,Canisius,Golden Griffins,Buffalo,NY,1904,2023,119,2680,1347,1333,0.503,-3.86,-1.8,1,8,1,4,0,0
58,Canterbury,College,Danville,IN,1931,1931,1,19,19,0,1,,,0,0,0,,,
59,Carleton College,Knights,Northfield,MN,1910,1934,25,360,280,80,0.778,,,0,0,0,,,
60,Carnegie Mellon,Tartans,Pittsburgh,PA,1933,1939,7,87,40,47,0.46,,,0,2,0,0,0,0
61,Case Western Reserve,Spartans,Cleveland,OH,1898,1955,13,245,95,150,0.388,-18.31,-2.69,0,0,0,0,0,0
62,Catholic,Cardinals,Washington,DC,1913,1981,13,248,122,126,0.492,-15.98,-6.69,0,0,0,1,0,0
63,Centenary (LA),Gents,Shreveport,LA,1960,2011,52,1435,637,798,0.444,-8.73,-3.97,1,1,1,0,0,0
64,Central Arkansas,Bears,Conway,AR,2011,2023,13,391,118,273,0.302,-14.25,-4.5,0,0,0,0,0,0
65,Central Connecticut State,Blue Devils,New Britain,CT,1987,2023,37,1077,418,659,0.388,-12.95,-7.64,0,3,3,3,0,0
66,Central Florida,Knights,Orlando,FL,1985,2023,39,1161,588,573,0.506,-3.11,-1.95,0,1,4,5,0,0
67,Central Michigan,Chippewas,Mount Pleasant,MI,1974,2023,50,1441,626,815,0.434,-4.32,-0.53,0,8,2,4,0,0
68,Central Missouri,Mules,Warrensburg,MO,1913,1937,10,178,140,38,0.787,,,0,0,0,,,
69,Central Pennsylvania College,Knights,Summerdale,PA,1896,1900,4,6,2,4,0.333,,,0,0,0,,,
70,Centre (KY),Colonels,Danville,KY,1910,1919,3,45,41,4,0.911,,,0,0,0,,,
71,Charleston Southern,Buccaneers,Charleston,SC,1975,2023,49,1406,569,837,0.405,-13.29,-7.06,0,4,4,1,0,0
72,Charlotte,49ers,Charlotte,NC,1973,2023,51,1515,827,688,0.546,3.16,1.88,2,6,5,11,1,0
73,Chattanooga,Mocs,Chattanooga,TN,1978,2023,46,1419,857,562,0.604,-2.27,-3.53,1,20,12,12,0,0
74,Cheyenne Business,College,Cheyenne,WY,1903,1903,1,1,1,0,1,,,0,0,0,,,
75,Chicago,Maroons,Chicago,IL,1896,1946,46,862,419,443,0.486,,,0,6,0,0,0,0
76,Chicago State,Cougars,Chicago,IL,1985,2023,39,1124,291,833,0.259,-15.69,-2.16,0,0,1,0,0,0
77,Cincinnati,Bearcats,Cincinnati,OH,1902,2023,122,2947,1884,1063,0.639,11.53,5.06,25,25,12,33,6,2
78,City College of New York,Beavers,New York,NY,1906,1953,48,725,517,208,0.713,-0.07,2.71,0,1,0,2,2,1
79,Clemson,Tigers,Clemson,SC,1912,2023,112,2755,1402,1351,0.509,5.64,4.32,6,1,1,13,0,0
80,Cleveland State,Vikings,Cleveland,OH,1973,2023,51,1501,752,749,0.501,-3.45,-1.79,0,6,3,3,0,0
81,Coastal Carolina,Chanticleers,Conway,SC,1987,2023,37,1114,568,546,0.51,-7.76,-6.04,0,7,5,4,0,0
82,Colgate,Raiders,Hamilton,NY,1901,2023,123,2800,1367,1433,0.488,-10.29,-5.66,0,8,5,5,0,0
83,College of Charleston,Cougars,Charleston,SC,1992,2023,32,990,680,310,0.687,1.14,-4.04,2,14,4,5,0,0
84,College of New Jersey,Lions,Ewing,NJ,1900,1900,1,5,3,2,0.6,,,0,0,0,,,
85,Colorado,Buffaloes,Boulder,CO,1902,2023,120,2657,1399,1258,0.527,5.45,6.03,6,19,1,15,2,0
86,Colorado College,Tigers,Colorado Springs,CO,1915,1937,23,376,233,143,0.62,,,0,7,0,,,
87,Colorado School of Mines,Orediggers,Golden,CO,1908,1937,28,282,80,202,0.284,,,0,2,0,,,
88,Colorado State,Rams,Fort Collins,CO,1902,2023,119,2660,1345,1315,0.506,2.96,2.45,1,6,1,11,0,0
89,Columbia,Lions,New York,NY,1901,2023,123,2703,1319,1384,0.488,-7.9,-5.11,2,13,0,3,0,0
90,Concordia Seminary,Preachers,St. Louis,MO,1907,1923,2,16,14,2,0.875,,,0,0,0,,,
91,Connecticut,Huskies,Storrs,CT,1901,2023,117,2730,1736,994,0.636,6.88,1.25,17,27,8,34,5,4
92,Coppin State,Eagles,Baltimore,MD,1986,2023,38,1148,515,633,0.449,-11.01,-7.95,0,11,4,4,0,0
93,Cornell,Big Red,Ithaca,NY,1899,2023,125,2783,1301,1482,0.467,-7.61,-4.46,0,8,0,5,0,0
94,Cotner,College,Lincoln,NE,1910,1911,2,27,24,3,0.889,,,0,0,0,,,
95,Creighton,Bluejays,Omaha,NE,1912,2023,103,2710,1651,1059,0.609,4.24,3.6,6,16,12,23,0,0
96,Cumberland,Empty,Lebanon,TN,1904,1904,1,4,4,0,1,,,0,0,0,,,
97,Dakota Wesleyan,Tigers,Mitchell,SD,1932,1932,1,20,19,1,0.95,,,0,0,0,,,
98,Dartmouth,Big Green,Hanover,NH,1900,2023,123,2914,1338,1574,0.459,-10.69,-5.06,0,12,0,7,2,0
99,Davidson,Wildcats,Davidson,NC,1909,2023,114,2795,1532,1263,0.548,-2.55,-2.74,6,25,13,15,0,0
100,Dayton,Flyers,Dayton,OH,1904,2023,118,2884,1732,1152,0.601,7.06,3.17,8,6,2,18,1,0
101,Delaware,Fightin' Blue Hens,Newark,DE,1906,2023,82,2004,999,1004,0.499,-8.27,-5.86,0,4,6,6,0,0
102,Delaware State,Hornets,Dover,DE,1974,2023,50,1436,547,889,0.381,-16.91,-10.01,0,3,1,1,0,0
103,Denison,Big Red,Granville,OH,1905,1944,24,362,269,93,0.743,,,0,0,0,0,0,0
104,Denver,Pioneers,Denver,CO,1904,2023,100,2190,976,1214,0.446,-4.22,-0.87,0,4,0,0,0,0
105,DePaul,Blue Demons,Chicago,IL,1924,2023,100,2604,1512,1092,0.581,6.09,5.99,12,2,0,22,2,0
106,DePauw,Tigers,Greencastle,IN,1916,1932,17,276,182,94,0.659,,,0,0,0,,,
107,Detroit Mercy,Titans,Detroit,MI,1910,2023,114,2765,1464,1301,0.529,-0.08,0.85,2,2,3,6,0,0
108,Dickinson College,Red Devils,Carlisle,PA,1926,1947,2,34,30,4,0.882,,,0,0,0,0,0,0
109,Drake,Bulldogs,Des Moines,IA,1907,2023,117,2857,1340,1517,0.469,1.27,2.84,5,9,1,5,1,0
110,Drexel,Dragons,Philadelphia,PA,1895,2023,53,1467,802,665,0.547,-3.4,-4.44,0,7,5,5,0,0
111,Duke,Blue Devils,Durham,NC,1906,2023,118,3188,2269,919,0.712,16.24,6.71,50,23,26,44,17,5
112,Duquesne,Dukes,Pittsburgh,PA,1914,2023,107,2635,1458,1177,0.553,2,1.99,7,2,1,5,1,0
113,East Carolina,Pirates,Greenville,NC,1967,2023,57,1623,713,910,0.439,-4.51,-0.98,0,0,2,2,0,0
114,East Central,Tigers,Ada,OK,1929,1931,3,74,66,8,0.892,,,0,0,0,,,
115,East Tennessee State,Buccaneers,Johnson City,TN,1959,2023,65,1865,1017,848,0.545,-3.99,-3.38,1,11,10,10,0,0
116,Eastern Illinois,Panthers,Charleston,IL,1982,2023,42,1236,552,684,0.447,-7.95,-4.43,0,0,3,2,0,0
117,Eastern Kentucky,Colonels,Richmond,KY,1948,2023,73,1979,977,1002,0.494,-4.69,-2.76,0,8,5,8,0,0
118,Eastern Michigan,Eagles,Ypsilanti,MI,1933,2023,51,1500,699,801,0.466,-3.52,-0.35,0,5,4,4,0,0
119,Eastern Washington,Eagles,Cheney,WA,1984,2023,40,1172,528,644,0.451,-5.7,-2.31,0,5,3,3,0,0
120,Elon,Phoenix,Elon,NC,2000,2023,24,734,306,428,0.417,-8.38,-3.52,0,2,0,0,0,0
121,Emporia State,Hornets,Emporia,KS,1934,1934,1,18,17,1,0.944,,,0,0,0,,,
122,Ensign,College,Salt Lake City,UT,1903,1903,1,16,15,1,0.938,,,0,0,0,,,
123,Evansville,Purple Aces,Evansville,IN,1925,2023,50,1424,736,688,0.517,0.52,0.96,0,6,4,5,0,0
124,Fairfield,Stags,Fairfield,CT,1965,2023,59,1695,817,878,0.482,-4.54,-3.05,0,3,3,3,0,0
125,Fairleigh Dickinson,Knights,Teaneck,NJ,1968,2023,56,1577,749,828,0.475,-10.15,-7.01,0,6,6,6,0,0
126,Florida A&M,Rattlers,Tallahassee,FL,1980,2023,44,1291,494,797,0.383,-15.68,-8.87,0,0,4,3,0,0
127,Florida Atlantic,Owls,Boca Raton,FL,1994,2023,30,892,357,535,0.4,-7.74,-3.21,0,2,1,1,0,0
128,Florida,Gators,Gainesville,FL,1921,2023,102,2669,1502,1166,0.563,8.11,5.1,15,9,4,23,5,2
129,Florida Gulf Coast,Eagles,Fort Myers,FL,2011,2023,13,419,238,181,0.568,-3.12,-3.92,0,3,3,3,0,0
130,Florida International,Panthers,Miami,FL,1988,2023,36,1073,436,637,0.406,-7.94,-3.18,0,1,1,1,0,0
131,Florida State,Seminoles,Tallahassee,FL,1957,2023,67,1979,1172,807,0.592,7.56,5.07,12,3,2,18,1,0
132,Fordham,Rams,Bronx,NY,1903,2023,119,3012,1569,1443,0.521,-2.76,-0.23,1,4,3,4,0,0
133,Franklin,Grizzlies,Franklin,IN,1907,1925,18,221,144,77,0.652,,,0,0,0,,,
134,Fresno State,Bulldogs,Fresno,CA,1956,2023,56,1689,943,746,0.558,2.54,1.79,1,6,5,6,0,0
135,Furman,Paladins,Greenville,SC,1920,2023,102,2613,1330,1283,0.509,-5.67,-4.08,0,7,6,6,0,0
136,Gardner-Webb,Runnin' Bulldogs,Boiling Springs,NC,2003,2023,21,657,310,347,0.472,-7.4,-4.74,0,1,1,1,0,0
137,Geneva,Golden Tornadoes,Beaver Falls,PA,1893,1943,10,125,80,45,0.64,,,0,0,0,0,0,0
138,George Mason,Patriots,Fairfax,VA,1979,2023,45,1352,727,625,0.538,-1.03,-1.39,0,4,4,6,1,0
139,George Washington,Colonials,Washington,DC,1913,2023,106,2610,1394,1216,0.534,0.1,-0.1,3,7,5,11,0,0
140,Georgetown,Hoyas,Washington,DC,1907,2023,115,2845,1713,1132,0.602,6.67,4.08,20,11,8,31,5,1
141,Georgia,Bulldogs,Athens,GA,1906,2023,118,2857,1475,1382,0.516,3.88,4.99,5,3,3,12,1,0
142,Georgia Southern,Eagles,Statesboro,GA,1972,2023,52,1520,777,743,0.511,-6.6,-4.89,0,7,3,3,0,0
143,Georgia State,Panthers,Atlanta,GA,1974,2023,50,1461,656,805,0.449,-6.93,-3.72,0,8,6,6,0,0
144,Georgia Tech,Yellow Jackets,Atlanta,GA,1920,2023,104,2715,1426,1289,0.525,5.59,5.21,8,3,5,17,2,0
145,Gettysburg,Bullets,Gettysburg,PA,1901,1973,41,724,385,339,0.532,-15.94,-9.75,0,0,0,0,0,0
146,Gonzaga,Bulldogs,Spokane,WA,1944,2023,72,2133,1421,712,0.666,4.16,-0.01,15,28,20,24,2,0
147,Grambling,Tigers,Grambling,LA,1978,2023,46,1314,507,807,0.386,-16.92,-9.31,0,3,0,0,0,0
148,Grand Canyon,Antelopes,Phoenix,AZ,2014,2023,10,311,196,115,0.63,0.46,-3.41,0,1,1,1,0,0
149,Green Bay,Phoenix,Green Bay,WA,1982,2023,42,1279,672,607,0.525,-1.51,-1.38,0,4,4,5,0,0
150,Grinnell,Pioneers,Grinnell,IA,1901,1939,38,550,280,270,0.509,,,0,0,0,0,0,0
151,Grove City,Wolverines,Grove City,PA,1899,1925,27,383,257,126,0.671,,,0,0,0,,,
152,Hamline,Pipers,St. Paul,MN,1945,1948,4,102,82,20,0.804,,,0,0,0,0,0,0
153,Hampton,Pirates,Hampton,VA,1996,2023,28,861,434,427,0.504,-9.48,-8.58,0,4,6,6,0,0
154,Hardin-Simmons,Cowboys,Abilene,TX,1923,1990,45,1149,481,668,0.419,-11.07,-5.69,0,1,0,2,0,0
155,Hartford,Hawks,West Hartford,CT,1985,2023,39,1155,486,669,0.421,-9.24,-5.51,0,0,1,1,0,0
156,Harvard,Crimson,Boston,MA,1901,2023,112,2566,1201,1365,0.468,-8.01,-4.84,0,7,0,5,0,0
157,Haskell (KS),Fighting Indians,Lawrence,KS,1903,1908,2,39,27,12,0.692,,,0,0,0,,,
158,Hawaii,Rainbow Warriors,Honolulu,HI,1971,2023,53,1550,825,725,0.532,1.87,1.61,1,3,4,5,0,0
159,High Point,Panthers,High Point,NC,2000,2023,24,726,341,385,0.47,-9.23,-6.11,0,4,0,0,0,0
160,Hiram,Terriers,Hiram,OH,1894,1904,8,59,45,14,0.763,,,0,0,0,,,
161,Hofstra,Pride,Hempstead,NY,1943,2023,58,1683,884,799,0.525,-5.55,-4.3,0,10,6,4,0,0
162,Holy Cross,Crusaders,Worcester,MA,1901,2023,103,2517,1439,1078,0.572,-2.46,-3.89,6,6,7,13,2,1
163,Hope Flying,Dutchmen,Holland,MI,1908,1913,5,65,44,21,0.677,,,0,0,0,,,
164,Houston Christian,Huskies,Houston,TX,1974,2023,29,834,334,500,0.4,-11.98,-5.95,0,2,1,1,0,0
165,Houston,Cougars,Houston,TX,1951,2023,73,2170,1335,835,0.615,6.42,2.87,12,8,8,23,6,0
166,Howard,Bison,Washington,DC,1974,2023,50,1420,559,861,0.394,-14.82,-9.57,0,5,3,2,0,0
167,Idaho State,Bengals,Pocatello,ID,1959,2023,65,1802,784,1018,0.435,-6.59,-2.72,0,4,2,5,0,0
168,Idaho,Vandals,Moscow,ID,1906,2023,118,2964,1372,1590,0.463,-4.48,-1.21,1,7,4,4,0,0
169,Illinois,Fighting Illini,Champaign,IL,1906,2023,118,2927,1876,1051,0.641,13.04,7.76,29,18,3,32,5,0
170,Illinois State,Redbirds,Normal,IL,1899,2023,64,1663,970,693,0.583,3.18,1.64,0,6,4,6,0,0
171,Illinois Wesleyan,Titans,Bloomington,IL,1928,1928,1,14,13,1,0.929,,,0,0,0,,,
172,Illinois-Chicago,Flames,Chicago,IL,1982,2023,42,1274,607,667,0.476,-3.32,-1.46,0,2,2,3,0,0
173,Incarnate Word,Cardinals,San Antonio,TX,2014,2023,10,289,117,172,0.405,-13.87,-6.65,0,0,0,0,0,0
174,Indiana,Hoosiers,Bloomington,IN,1901,2023,123,3010,1906,1104,0.633,13.91,8.17,28,22,0,40,8,5
175,Indiana State,Sycamores,Terre Haute,IN,1900,2023,101,2289,1182,1107,0.516,-0.12,1.77,1,2,3,4,1,0
176,Iona,Gaels,New Rochelle,NY,1954,2023,70,1931,1096,835,0.568,-3.79,-3.56,1,13,13,15,0,0
177,Iowa,Hawkeyes,Iowa City,IA,1893,2023,126,2955,1740,1214,0.589,11.51,7.44,21,8,3,28,3,0
178,Iowa State,Cyclones,Ames,IA,1908,2023,116,2818,1428,1390,0.507,6.92,6.52,10,6,6,21,1,0
179,IUPUI,Jaguars,Indianapolis,IN,1999,2023,25,765,334,431,0.437,-6.6,-2.98,0,1,1,1,0,0
180,Jackson State,Tigers,Jackson,MS,1978,2023,46,1375,645,730,0.469,-11.11,-8.66,0,7,4,3,0,0
181,Jacksonville,Dolphins,Jacksonville,FL,1967,2023,57,1646,809,837,0.491,-3.79,-2.23,2,2,2,5,1,0
182,Jacksonville State,Gamecocks,Jacksonville,AL,1996,2023,28,834,373,461,0.447,-8.7,-6.14,0,1,1,2,0,0
183,James Madison,Dukes,Harrisonburg,VA,1977,2023,47,1398,715,683,0.511,-2.27,-2.26,0,8,3,5,0,0
184,John Carroll,Blue Streaks,University Heights,OH,1948,1955,8,191,80,111,0.419,-9.27,-0.2,0,0,0,0,0,0
185,Kalamazoo,Hornets,Kalamazoo,MI,1908,1923,16,193,134,59,0.694,,,0,0,0,,,
186,Kansas City,Roos,Kansas City,MO,1990,2023,34,1008,432,576,0.429,-6.87,-3.26,0,0,0,0,0,0
187,Kansas,Jayhawks,Lawrence,KS,1899,2023,125,3265,2382,883,0.73,15.89,7.32,47,64,16,50,16,4
188,Kansas State,Wildcats,Manhattan,KS,1906,2023,118,2934,1714,1220,0.584,10.32,6.41,16,19,2,31,4,0
189,Kennesaw State,Owls,Kennesaw,GA,2010,2023,14,430,128,302,0.298,-12.37,-3.27,0,1,0,0,0,0
190,Kent State,Golden Flashes,Kent,OH,1914,2023,104,2523,1267,1256,0.502,-1.84,-0.39,0,9,6,6,0,0
191,Kentucky Wesleyan,Panthers,Owensboro,KY,1957,1958,2,52,30,22,0.577,-4.61,-2.27,0,0,0,0,0,0
192,Kentucky,Wildcats,Lexington,KY,1903,2023,120,3124,2376,747,0.761,17.62,6.83,54,56,33,60,17,8
193,La Salle,Explorers,Philadelphia,PA,1932,2023,92,2481,1421,1060,0.573,2.52,0.67,6,9,8,12,2,1
194,Lafayette,Leopards,Easton,PA,1901,2023,113,2711,1381,1330,0.509,-8.14,-6.85,0,18,3,4,0,0
195,Lake Forest,Foresters,Lake Forest,IL,1905,1916,12,144,89,55,0.618,,,0,0,0,,,
196,Lamar,Cardinals,Beaumont,TX,1970,2023,54,1574,783,791,0.497,-5.35,-4.08,0,9,4,6,0,0
197,Lawrence,Vikings,Appleton,WA,1948,1948,1,28,22,6,0.786,,,0,0,0,0,0,0
198,Lehigh Mountain,Hawks,Bethlehem,PA,1902,2023,122,2630,1151,1479,0.438,-12.9,-7.42,0,4,5,5,0,0
199,Lewis,Flyers,Romeoville,IL,1905,1905,1,25,20,5,0.8,,,0,0,0,,,
200,Liberty,Flames,Lynchburg,VA,1989,2023,35,1084,554,530,0.511,-8.48,-6.72,0,7,6,5,0,0
201,Lindenwood,Lions,St. Charles,MO,2023,2023,1,32,11,21,0.344,-14.38,-5.93,0,0,0,0,0,0
202,Lipscomb,Bisons,Nashville,TN,2004,2023,20,624,331,293,0.53,-5.4,-4.38,0,3,1,1,0,0
203,Little Rock,Trojans,Little Rock,AR,1979,2023,45,1346,727,619,0.54,-3.67,-3.57,0,13,5,5,0,0
204,Long Beach State,Beach,Long Beach,CA,1970,2023,54,1610,869,741,0.54,0.8,1.12,5,15,5,9,0,0
205,Long Island University,Sharks,Brooklyn,NY,1929,2023,78,2097,1155,940,0.551,-9.49,-6.47,1,9,6,7,0,0
206,Longwood,Lancers,Farmville,VA,2008,2023,16,510,198,312,0.388,-13.54,-5.7,0,1,1,1,0,0
207,Louisiana Ragin',Cajuns,Lafayette,LA,1972,2023,52,1512,882,630,0.583,0.53,-1.24,2,10,7,10,0,0
208,Louisiana State,Fighting Tigers,Baton Rouge,LA,1909,2023,115,2873,1637,1236,0.57,5.91,4.6,13,12,1,24,4,0
209,Louisiana Tech,Bulldogs,Ruston,LA,1974,2023,50,1507,879,628,0.583,0.13,-1.49,1,11,6,5,0,0
210,Louisiana-Monroe,Warhawks,Monroe,LA,1974,2023,50,1475,753,722,0.511,-4.9,-4.2,0,10,8,7,0,0
211,Louisville,Cardinals,Louisville,KY,1912,2023,109,2888,1899,989,0.658,13.12,6.55,35,23,17,43,10,3
212,Loyola (IL),Ramblers,Chicago,IL,1921,2023,102,2612,1405,1207,0.538,0.25,1.51,6,7,4,8,2,1
213,Loyola (LA),Wolfpack,New Orleans,LA,1952,1972,20,499,237,262,0.475,-6.42,0.29,0,0,0,2,0,0
214,Loyola (MD),Greyhounds,Baltimore,MD,1908,2023,79,1849,841,1008,0.455,-8.95,-4.83,0,0,2,2,0,0
215,Loyola Marymount,Lions,Los Angeles,CA,1943,2023,76,2102,921,1181,0.438,-3.89,0.53,2,3,2,5,0,0
216,Macalester,Scots,St. Paul,MN,1896,1899,4,21,8,13,0.381,,,0,0,0,,,
217,Maine,Black Bears,Orono,ME,1904,2023,79,1899,829,1070,0.437,-12.28,-7.17,0,0,0,0,0,0
218,Manchester,Spartans,North Manchester,IN,1926,1926,1,16,15,1,0.938,,,0,0,0,,,
219,Manhattan,Jaspers,Riverdale,NY,1905,2023,117,2734,1421,1313,0.52,-3.67,-2.55,0,13,5,8,0,0
220,Marietta,Pioneers,Marietta,OH,1908,1920,13,175,109,66,0.623,,,0,0,0,,,
221,Marist Red,Foxes,Poughkeepsie,NY,1982,2023,42,1235,538,697,0.436,-7.47,-5.64,0,5,2,2,0,0
222,Marquette,Golden Eagles,Milwaukee,WA,1917,2023,106,2760,1708,1052,0.619,9.15,4.86,22,4,1,34,3,1
223,Marshall,Thundering Herd,Huntington West,VA,1919,2023,99,2580,1475,1103,0.572,-0.83,-1.24,1,6,4,6,0,0
224,Maryland,Terrapins,College Park,MD,1924,2023,100,2722,1639,1083,0.602,10.18,5.48,24,7,4,29,2,1
225,Maryland-Baltimore County,Retrievers,Baltimore,MD,1987,2023,37,1092,454,638,0.416,-10.76,-6.56,0,3,2,2,0,0
226,Maryland-Eastern Shore,Hawks,Princess Anne,MD,1974,2023,43,1244,367,877,0.295,-19.55,-9.33,0,1,1,0,0,0
227,Massachusetts Institute of Technology,Engineers,Cambridge,MA,1909,1909,1,16,10,6,0.625,,,0,0,0,,,
228,Massachusetts,Minutemen,Amherst,MA,1926,2023,64,1840,997,843,0.542,0.72,-0.18,5,15,5,9,1,0
229,Massachusetts-Lowell,River Hawks,Lowell,MA,1906,2023,11,314,151,163,0.481,-8.66,-5.84,0,0,0,0,0,0
230,McNeese State,Cowboys,Lake Charles,LA,1974,2023,50,1446,677,769,0.468,-7.65,-4.89,0,6,2,2,0,0
231,Memphis,Tigers,Memphis,TN,1956,2023,68,2067,1384,683,0.67,8.9,3.75,16,18,11,26,3,0
232,Mercer,Bears,Macon,GA,1974,2023,50,1481,711,770,0.48,-7.51,-5.15,0,3,3,3,0,0
233,Merchant Marine,Mariners,King's Point,NY,1946,1947,2,39,13,26,0.333,,,0,0,0,0,0,0
234,Merrimack,Warriors,North Andover,MA,2020,2023,4,112,60,52,0.536,-9.55,-7.8,0,2,0,0,0,0
235,Miami (FL),Hurricanes,Coral Gables,FL,1949,2023,60,1737,999,738,0.575,3.51,3.58,7,2,1,11,0,0
236,Miami (OH),RedHawks,Oxford,OH,1906,2023,118,2702,1439,1263,0.533,1.85,0.79,1,18,4,17,0,0
237,Michigan State,Spartans,East Lansing,MI,1899,2023,124,2934,1796,1138,0.612,11.75,7.83,25,16,6,35,10,2
238,Michigan,Wolverines,Ann Arbor,MI,1918,2023,106,2778,1693,1085,0.609,11.05,7.85,23,15,3,31,8,1
239,Middle Tennessee,Blue Raiders,Murfreesboro,TN,1959,2023,65,1860,1025,835,0.551,-3.82,-2.69,0,12,7,9,0,0
240,Millikin,Big Blue,Decatur,IL,1910,1921,12,210,150,60,0.714,,,0,0,0,,,
241,Millsaps,Majors,Jackson,MS,1911,1921,11,116,59,57,0.509,,,0,0,0,,,
242,Milwaukee,Panthers,Milwaukee,WA,1974,2023,40,1180,575,605,0.487,-4.22,-1.73,0,4,4,4,0,0
243,Minnesota A&M,Aggies,St. Paul,MN,1896,1903,4,30,27,3,0.9,,,0,0,0,,,
244,Minnesota,Golden Gophers,Minneapolis,MN,1896,2023,128,2984,1698,1284,0.569,9.61,7.69,10,9,0,14,1,0
245,Mississippi,Rebels,University,MS,1909,2023,113,2753,1368,1383,0.497,2.75,4.49,2,3,2,9,0,0
246,Mississippi State,Bulldogs,Mississippi State,MS,1909,2023,111,2752,1501,1251,0.545,4.49,4.46,11,12,5,11,1,0
247,Mississippi Valley State,Delta Devils,Itta Bena,MS,1980,2023,44,1293,487,806,0.377,-15.05,-8.77,0,7,5,5,0,0
248,Missouri State,Bears,Springfield,MO,1983,2023,41,1287,761,526,0.591,4.29,1.15,0,5,3,6,0,0
249,Missouri,Tigers,Columbia,MO,1907,2023,117,2927,1706,1221,0.583,8.77,6.19,14,15,8,28,0,0
250,Monmouth,Hawks,West Long Branch,NJ,1984,2023,40,1197,570,627,0.476,-7.79,-6,0,5,4,4,0,0
251,Montana,Grizzlies,Missoula,MT,1912,2023,108,2756,1504,1252,0.546,-2.42,-2.64,0,13,11,12,0,0
252,Montana State,Bobcats,Bozeman,MT,1902,2023,112,2738,1505,1233,0.55,-5.06,-2.72,0,11,3,3,0,0
253,Morehead State,Eagles,Morehead,KY,1956,2023,68,1901,963,938,0.507,-5.72,-3.56,0,10,5,8,0,0
254,Morgan State,Bears,Baltimore,MD,1985,2023,39,1145,434,711,0.379,-15.13,-8.99,0,3,2,2,0,0
255,Morris Brown,Wolverines,Atlanta,GA,2002,2003,2,57,13,44,0.228,-25.81,-6.02,0,0,0,0,0,0
256,Mount St. Mary's,Mountaineers,Emmitsburg,MD,1989,2023,35,1040,452,588,0.435,-9.08,-6.38,0,2,6,6,0,0
257,Mount Union,Purple Raiders,Alliance,OH,1896,1932,37,493,314,179,0.637,,,0,0,0,,,
258,Muhlenberg,Mules,Allentown,PA,1901,1963,56,1064,579,484,0.545,-10.29,-4.31,0,3,0,0,0,0
259,Murray State,Racers,Murray,KY,1954,2023,70,2011,1281,730,0.637,-0.46,-3.25,3,30,17,18,0,0
260,Muskingum,Fighting Muskies,New Concord,OH,1905,1927,3,48,44,4,0.917,,,0,0,0,,,
261,Navy,Midshipmen,Annapolis,MD,1908,2023,116,2571,1463,1108,0.569,-4.81,-4.07,1,9,6,11,0,0
262,NC State,Wolfpack,Raleigh,NC,1913,2023,111,2927,1804,1123,0.616,10.91,5.91,17,13,17,27,3,2
263,Nebraska,Cornhuskers,Lincoln,NE,1897,2023,127,3001,1554,1447,0.518,5.69,6.32,2,7,1,7,0,0
264,Nebraska Wesleyan Prairie,Wolves,Lincoln,NE,1906,1917,12,188,134,54,0.713,,,0,0,0,,,
265,Nevada,Wolf Pack,Reno,NV,1913,2023,68,1815,1024,791,0.564,0.77,1.41,4,12,5,9,0,0
266,Nevada-Las Vegas,Rebels,Las Vegas,NV,1970,2023,54,1698,1165,533,0.686,9.14,3.26,16,13,11,20,4,1
267,New Hampshire,Wildcats,Durham,NH,1927,2023,71,1826,644,1182,0.353,-14.36,-7.02,0,1,0,0,0,0
268,New Mexico,Lobos,Albuquerque,NM,1900,2023,117,2702,1556,1146,0.576,3.86,2.25,11,12,6,15,0,0
269,New Mexico State,Aggies,Las Cruces,NM,1905,2023,113,2723,1612,1109,0.592,1.31,-0.31,5,21,13,26,1,0
270,New Orleans,Privateers,New Orleans,LA,1976,2023,46,1351,725,626,0.537,-2.83,-2.59,2,8,4,5,0,0
271,New York University,Violets,New York,NY,1907,1971,65,1184,725,459,0.612,-0.4,-0.08,2,6,0,6,2,0
272,Newberry,Wolves,Newberry,SC,1921,1921,1,4,2,2,0.5,,,0,0,0,,,
273,Niagara,Purple Eagles,Niagara University,NY,1906,2023,117,2827,1521,1305,0.538,-3.1,-1.94,2,10,2,3,0,0
274,Nicholls State,Colonels,Thibodaux,LA,1981,2023,43,1226,523,703,0.427,-11.55,-5.99,0,5,2,2,0,0
275,NJIT,Highlanders,Newark,NJ,2010,2023,14,423,191,232,0.452,-10.08,-6.28,0,1,0,0,0,0
276,Norfolk State,Spartans,Norfolk,VA,1998,2023,26,801,403,398,0.503,-10.53,-8.62,0,4,3,3,0,0
277,North Alabama,Lions,Florence,AL,2019,2023,5,148,63,85,0.426,-9.91,-4.22,0,0,0,0,0,0
278,North Carolina A&T,Aggies,Greensboro,NC,1974,2023,50,1470,709,761,0.482,-12.61,-9.52,0,12,14,10,0,0
279,North Carolina Central,Eagles,Durham,NC,2011,2023,13,399,238,161,0.596,-7.53,-8.84,0,4,4,4,0,0
280,North Carolina,Tar Heels,Chapel Hill,NC,1911,2023,113,3193,2342,851,0.733,15.7,7,51,39,26,52,21,6
281,North Central,Cardinals,Naperville,IL,1911,1922,8,115,78,37,0.678,,,0,0,0,,,
282,North Dakota,Fighting Hawks,Grand Forks,ND,1905,2023,30,607,333,274,0.549,-8.48,-4.19,0,1,3,1,0,0
283,North Dakota State,Bison,Fargo,ND,1898,2023,44,860,586,274,0.681,-0.38,-2.95,0,4,5,4,0,0
284,North Florida,Ospreys,Jacksonville,FL,2010,2023,14,448,217,231,0.484,-6.1,-2.29,0,3,1,1,0,0
285,North Texas,Mean Green,Denton,TX,1922,2023,68,1884,869,1015,0.461,-4.26,-0.3,0,5,4,4,0,0
286,Northeastern,Huskies,Boston,MA,1938,2023,60,1651,852,799,0.516,-4.57,-4.1,0,14,9,9,0,0
287,Northeastern Illinois,Golden Eagles,Chicago,IL,1991,1998,8,216,78,138,0.361,-14.9,-6.65,0,0,0,0,0,0
288,Northern Arizona,Lumberjacks,Flagstaff,AZ,1919,2023,84,2022,904,1118,0.447,-8.09,-2.96,0,6,2,2,0,0
289,Northern Colorado,Bears,Greeley,CO,1911,2023,44,856,458,398,0.535,-4.03,-3.92,0,3,1,1,0,0
290,Northern Illinois,Huskies,De Kalb,IL,1927,2023,57,1597,712,885,0.446,-4.21,-1.21,0,4,2,3,0,0
291,Northern Iowa,Panthers,Cedar Falls,IA,1981,2023,43,1304,690,614,0.529,1.14,1.58,1,4,6,8,0,0
292,Northern Kentucky,Norse,Highland Heights,KY,2013,2023,11,340,191,149,0.562,-3.05,-4.17,0,2,3,2,0,0
293,Northwest Missouri State,Bearcats,Maryville,MO,1930,1932,3,97,89,8,0.918,,,0,0,0,,,
294,Northwestern State,Demons,Natchitoches,LA,1977,2023,47,1365,605,760,0.443,-9.92,-5.6,0,3,3,3,0,0
295,Northwestern,Wildcats,Evanston,IL,1905,2023,118,2724,1140,1583,0.419,3.68,7.48,0,2,0,1,0,0
296,Notre Dame,Fighting Irish,Notre Dame,IN,1897,2023,119,3036,1948,1087,0.642,9.97,5.79,25,1,1,37,1,0
297,Oakland,Golden Grizzlies,Rochester,MI,2000,2023,24,774,413,361,0.534,-1.73,-1.55,0,4,3,3,0,0
298,Oberlin,Yeomen,Oberlin,OH,1905,1921,7,82,61,21,0.744,,,0,0,0,,,
299,Ohio,Bobcats,Athens,OH,1908,2023,116,2808,1607,1201,0.572,0.57,-0.25,0,10,7,14,0,0
300,Ohio State,Buckeyes,Columbus,OH,1899,2023,124,3011,1843,1168,0.612,11.92,7.53,24,22,5,35,11,1
301,Ohio Wesleyan,Battling Bishops,Delaware,OH,1929,1935,2,40,35,5,0.875,,,0,0,0,,,
302,Oklahoma City,Chiefs,Oklahoma City,OK,1951,1985,35,948,530,418,0.559,0.46,-0.91,3,0,1,11,0,0
303,Oklahoma,Sooners,Norman,OK,1908,2023,116,2892,1754,1138,0.607,9.76,6.63,19,14,7,33,5,0
304,Oklahoma State,Cowboys,Stillwater,OK,1908,2023,114,2960,1731,1229,0.585,8.91,5.98,19,19,4,29,6,2
305,Old Dominion,Monarchs,Norfolk,VA,1977,2023,47,1467,888,579,0.605,3.02,-0.09,0,9,7,12,0,0
306,Omaha,Mavericks,Omaha,NE,2013,2023,11,338,141,197,0.417,-7.56,-2.23,0,0,0,0,0,0
307,Oral Roberts,Golden Eagles,Tulsa,OK,1972,2023,48,1437,818,619,0.569,0.62,-1.14,2,8,6,6,0,0
308,Oregon,Ducks,Eugene,OR,1903,2023,118,3157,1750,1406,0.554,6.37,5.95,6,8,5,17,2,1
309,Oregon State,Beavers,Corvallis,OR,1902,2023,122,3226,1812,1414,0.562,6.04,5.67,8,12,1,18,2,0
310,Pacific,Tigers,Stockton,CA,1938,2023,73,2063,1039,1024,0.504,-1.18,-0.01,1,10,5,9,0,0
311,Penn State,Nittany Lions,University Park,PA,1897,2023,127,2781,1540,1240,0.554,2.82,2.43,2,1,1,9,1,0
312,Pennsylvania,Quakers,Philadelphia,PA,1897,2023,122,2979,1830,1148,0.615,0.14,-2.94,6,38,1,24,1,0
313,Pepperdine,Waves,Malibu,CA,1944,2023,69,1988,975,1013,0.49,-2.21,0.3,1,12,3,13,0,0
314,Phillips,Haymakers,Enid,OK,1920,1920,1,3,2,1,0.667,,,0,0,0,,,
315,Pittsburg State,Gorillas,Pittsburg,KS,1927,1931,5,103,86,17,0.835,,,0,0,0,,,
316,Pittsburgh,Panthers,Pittsburgh,PA,1906,2023,116,2904,1673,1231,0.576,5.25,4.23,13,11,4,26,1,0
317,Portland,Pilots,Portland,OR,1954,2023,70,1985,834,1151,0.42,-5.23,0.77,0,0,1,2,0,0
318,Portland State,Vikings,Portland,OR,1973,2023,34,984,477,507,0.485,-5.91,-2.97,0,2,2,2,0,0
319,Prairie View,Panthers,Prairie View,TX,1981,2023,43,1246,385,861,0.309,-19.9,-8.19,0,4,2,2,0,0
320,Pratt Institute,Cannoneers,Brooklyn,NY,1934,1934,1,14,8,6,0.571,,,0,0,0,,,
321,Presbyterian Blue,Hose,Clinton,SC,2011,2023,13,403,132,271,0.328,-13.43,-5.42,0,0,0,0,0,0
322,Princeton,Tigers,Princeton,NJ,1901,2023,123,2922,1803,1118,0.617,1.41,-3.58,4,31,1,25,1,0
323,Providence,Friars,Providence,RI,1929,2023,74,2142,1315,827,0.614,7.73,4.5,7,1,2,21,2,0
324,Purdue,Boilermakers,West Lafayette,IN,1897,2023,125,2967,1909,1058,0.643,12.09,7.72,24,25,1,33,2,0
325,Purdue-Fort Wayne,Mastodons,Fort Wayne,IN,2003,2023,21,650,309,341,0.475,-6.26,-2.99,0,2,0,0,0,0
326,Queens (NC),Royals,Charlotte,NC,2023,2023,1,33,18,15,0.545,-4.09,-4.19,0,0,0,0,0,0
327,Quinnipiac,Bobcats,Hamden,CT,1999,2023,25,744,357,387,0.48,-7.92,-6.6,0,1,0,0,0,0
328,Radford,Highlanders,Radford,VA,1985,2023,39,1172,611,561,0.521,-8.72,-6.89,0,6,3,3,0,0
329,Regis (CO),Rangers,Denver,CO,1962,1964,3,66,37,29,0.561,-4.78,0.03,0,0,0,0,0,0
330,Rensselaer,Engineers,Troy,NY,1901,1924,4,39,28,11,0.718,,,0,0,0,,,
331,Rhode Island,Rams,Kingston,RI,1904,2023,117,2766,1569,1197,0.567,-0.98,-0.51,0,15,2,10,0,0
332,Rice,Owls,Houston,TX,1915,2023,109,2678,1176,1502,0.439,-3.23,0.73,0,10,0,4,0,0
333,Richmond,Spiders,Richmond,VA,1913,2023,111,2706,1449,1257,0.535,-1.84,-1.28,1,6,7,10,0,0
334,Rider,Broncs,Lawrenceville,NJ,1929,2023,60,1704,891,813,0.523,-7.35,-5.98,0,12,3,3,0,0
335,Ripon,Red Hawks,Ripon,WA,1902,1922,5,59,46,13,0.78,,,0,0,0,,,
336,Roanoke,Maroons,Salem,VA,1912,1919,8,92,67,25,0.728,,,0,0,0,,,
337,Robert Morris,Colonials,Moon Township,PA,1977,2023,47,1402,677,725,0.483,-8.84,-6.7,0,11,9,8,0,0
338,Rochester (NY),Yellowjackets,Rochester,NY,1910,1944,7,111,74,37,0.667,,,0,0,0,0,0,0
339,Rose-Hulman,Fightin' Engineers,Terre Haute,IN,1898,1898,1,4,2,2,0.5,,,0,0,0,,,
340,Rutgers,Scarlet Knights,New Brunswick,NJ,1914,2023,109,2573,1312,1261,0.51,-0.35,0.96,2,9,2,8,1,0
341,Sacramento State,Hornets,Sacramento,CA,1992,2023,32,910,292,618,0.321,-11.87,-3.1,0,0,0,0,0,0
342,Sacred Heart,Pioneers,Fairfield,CT,2000,2023,24,711,279,432,0.392,-11.18,-7.26,0,0,0,0,0,0
343,Saint Francis (PA),Red Flash,Loretto,PA,1956,2023,68,1858,828,1030,0.446,-9.29,-4.61,0,2,1,1,0,0
344,Saint Joseph's,Hawks,Philadelphia,PA,1910,2023,114,2886,1682,1204,0.583,3.66,1.89,6,20,6,21,1,0
345,Saint Louis,Billikens,St. Louis,MO,1916,2023,107,2772,1511,1261,0.545,5.19,3.93,10,7,3,10,0,0
346,Saint Mary's (CA),Gaels,Moraga,CA,1910,2023,114,2703,1432,1271,0.53,-0.4,0.56,5,8,4,11,0,0
347,Saint Peter's,Peacocks,Jersey City,NJ,1966,2023,58,1663,828,835,0.498,-5.04,-4.03,0,6,4,4,0,0
348,Sam Houston State,Bearkats,Huntsville,TX,1987,2023,37,1105,593,512,0.537,-6.32,-5.1,0,6,2,2,0,0
349,Samford,Bulldogs,Birmingham,AL,1973,2023,51,1475,651,824,0.441,-8.77,-5.13,0,4,2,2,0,0
350,San Diego State,Aztecs,San Diego,CA,1971,2023,53,1599,897,702,0.561,4.22,3.47,5,11,8,14,0,0
351,San Diego,Toreros,San Diego,CA,1980,2023,44,1289,629,660,0.488,-0.51,0.78,0,2,2,4,0,0
352,San Francisco,Dons,San Francisco,CA,1924,2023,96,2522,1462,1060,0.58,2.65,0.79,9,15,1,17,3,2
353,San Jose State,Spartans,San Jose,CA,1938,2023,73,2003,793,1210,0.396,-4.26,0.93,0,1,2,2,0,0
354,Santa Clara,Broncos,Santa Clara,CA,1909,2023,114,2718,1565,1153,0.576,1.53,0.69,2,11,2,11,1,0
355,Savage School of Physical Education,Empty,New York,NY,1896,1898,2,8,6,2,0.75,,,0,0,0,,,
356,Savannah State,Tigers,Savannah,GA,2003,2019,17,513,189,324,0.368,-16.73,-5.37,0,2,0,0,0,0
357,Scranton,Royals,Scranton,PA,1948,1948,1,27,7,20,0.259,,,0,0,0,0,0,0
358,Seattle,Redhawks,Seattle,WA,1953,2023,41,1151,681,470,0.592,0.95,-1.3,5,1,0,11,1,0
359,Seton Hall,Pirates,South Orange,NJ,1909,2023,110,2719,1587,1131,0.584,3.98,3.82,8,4,3,14,1,0
360,Sewanee,Tigers,Sewanee,TN,1923,1941,19,248,48,200,0.194,,,0,0,0,0,0,0
361,Siena,Saints,Loudonville,NY,1939,2023,65,1789,982,807,0.549,-4.11,-3.56,1,11,6,6,0,0
362,South Alabama,Jaguars,Mobile,AL,1972,2023,52,1531,863,668,0.564,-0.86,-1.72,0,12,5,8,0,0
363,South Carolina,Gamecocks,Columbia,SC,1909,2023,115,2796,1479,1316,0.529,4.17,3.65,8,7,2,9,1,0
364,South Carolina State,Bulldogs,Orangeburg,SC,1972,2023,52,1527,719,808,0.471,-13.52,-10.28,0,8,5,5,0,0
365,South Carolina Upstate,Spartans,Spartanburg,SC,2011,2023,13,415,174,241,0.419,-9.09,-4.36,0,0,0,0,0,0
366,South Dakota,Coyotes,Vermillion,SD,2011,2023,13,403,207,196,0.514,-4.68,-3.44,0,1,0,0,0,0
367,South Dakota State,Jackrabbits,Brookings,SD,2009,2023,15,489,324,165,0.663,2.09,-2.61,0,8,6,6,0,0
368,South Florida,Bulls,Tampa,FL,1974,2023,50,1477,668,809,0.452,1.2,3.13,0,1,1,3,0,0
369,Southeast Missouri State,Redhawks,Cape Girardeau,MO,1992,2023,32,953,398,555,0.418,-8.78,-4.89,0,1,1,1,0,0
370,Southeastern Louisiana,Lions,Hammond,LA,1981,2023,42,1221,535,686,0.438,-10.95,-6.35,0,5,1,1,0,0
371,Southern California,Trojans,Los Angeles,CA,1907,2023,117,2961,1714,1247,0.579,8.23,6.3,11,7,1,20,2,0
372,Southern Illinois,Salukis,Carbondale,IL,1968,2023,56,1671,929,742,0.556,2.59,1.99,1,9,5,10,0,0
373,Southern Illinois-Edwardsville,Cougars,Edwardsville,IL,2011,2023,13,383,128,255,0.334,-12.33,-4.74,0,0,0,0,0,0
374,Southern Indiana,Screaming Eagles,Evansville,IN,2023,2023,1,32,16,16,0.5,-8.09,-7.16,0,0,0,0,0,0
375,Southern,Jaguars,Baton Rouge,LA,1978,2023,46,1360,706,654,0.519,-10.1,-9.91,0,8,9,9,0,0
376,Southern Methodist,Mustangs,Dallas,TX,1917,2023,107,2681,1410,1271,0.526,2.73,1.95,5,15,3,12,1,0
377,Southern Mississippi,Golden Eagles,Hattiesburg,MS,1973,2023,51,1508,773,735,0.513,0.31,1.64,1,3,0,3,0,0
378,Southern Utah,Thunderbirds,Cedar City,UT,1989,2023,35,1027,461,566,0.449,-6.72,-3.59,0,3,3,1,0,0
379,Southwestern (KS),Moundbuilders,Winfield,KS,1905,1923,19,289,212,77,0.734,,,0,0,0,,,
380,Southwestern (TX),Pirates,Georgetown,TX,1915,1916,2,10,1,9,0.1,,,0,0,0,,,
381,Springfield,Pride,Springfield,MA,1897,1935,30,406,268,138,0.66,,,0,0,0,,,
382,St. Bonaventure,Bonnies,St. Bonaventure,NY,1920,2023,103,2516,1434,1082,0.57,2.24,1.58,6,8,2,8,1,0
383,St. Francis (NY),Terriers,Brooklyn Heights,NY,1902,2023,104,2619,1273,1346,0.486,-11.69,-5.78,0,6,0,0,0,0
384,St. John's (NY),Red Storm,Queens,NY,1908,2023,116,3052,1967,1085,0.644,8.5,5.11,15,14,3,30,2,0
385,St. John's College (OH),Empty,Toledo,OH,1921,1921,1,15,15,0,1,,,0,0,0,,,
386,St. Lawrence,Saints,Canton,NY,1902,1914,7,99,70,29,0.707,,,0,0,0,,,
387,St. Thomas,Tommies,St. Paul,MN,2022,2023,2,61,28,33,0.459,-6.94,-4.96,0,0,0,0,0,0
388,Stanford,Cardinal,Stanford,CA,1914,2023,108,2814,1592,1222,0.566,7.93,6.2,10,11,1,17,2,1
389,Stephen F. Austin,Lumberjacks,Nacogdoches,TX,1987,2023,37,1087,634,453,0.583,-5.17,-6.4,0,10,5,5,0,0
390,Stetson,Hatters,DeLand,FL,1972,2023,52,1493,677,816,0.453,-8.18,-4.46,0,0,0,0,0,0
391,Stevens Institute,Ducks,Hoboken,NJ,1917,1920,4,48,37,11,0.771,,,0,0,0,,,
392,Stonehill,Skyhawks,Easton,MA,2023,2023,1,31,14,17,0.452,-12.88,-8.61,0,0,0,0,0,0
393,Stony Brook,Seawolves,Stony Brook,NY,2000,2023,24,736,369,367,0.501,-6.57,-5.35,0,4,1,1,0,0
394,SUNY-Potsdam,Bears,Potsdam,NY,1910,1913,2,32,22,10,0.688,,,0,0,0,,,
395,Swarthmore,Garnet,Swarthmore,PA,1906,1919,11,133,92,41,0.692,,,0,0,0,,,
396,Syracuse,Orange,Syracuse,NY,1901,2023,122,3037,2074,963,0.683,9.67,4.05,30,10,5,41,6,1
397,Tarleton State,Texans,Stephenville,TX,2021,2023,3,82,40,42,0.488,-3.49,-0.41,0,0,0,0,0,0
398,TCU,Horned Frogs,Fort Worth,TX,1914,2023,110,2747,1292,1455,0.47,0.65,2.24,3,11,0,9,0,0
399,Temple,Owls,Philadelphia,PA,1895,2023,127,3111,1978,1133,0.636,6.34,2.71,9,20,10,33,2,0
400,Tennessee State,Tigers,Nashville,TN,1978,2023,46,1324,565,759,0.427,-8.72,-4.87,0,2,2,2,0,0
401,Tennessee Tech,Golden Eagles,Cookeville,TN,1944,2023,69,1896,917,979,0.484,-6.74,-3.67,0,7,1,2,0,0
402,Tennessee,Volunteers,Knoxville,TN,1909,2023,114,2833,1740,1091,0.615,8.9,5.38,14,13,5,24,0,0
403,Tennessee-Martin,Skyhawks,Martin,TN,1993,2023,31,916,349,567,0.381,-11.31,-4.3,0,3,0,0,0,0
404,Texas A&M,Aggies,College Station,TX,1913,2023,111,2818,1498,1320,0.532,2.74,2.68,4,12,2,14,0,0
405,Texas A&M-Commerce,Lions,Commerce,TX,2023,2023,1,32,13,19,0.406,-10.3,-6.89,0,0,0,0,0,0
406,Texas A&M-Corpus Christi,Islanders,Corpus Christi,TX,2003,2023,21,648,336,312,0.519,-6.53,-5.12,0,2,2,2,0,0
407,Texas,Longhorns,Austin,TX,1906,2023,117,2998,1872,1126,0.624,6.75,3.91,13,25,3,36,3,0
408,Texas Southern,Tigers,Houston,TX,1978,2023,46,1381,687,694,0.497,-10.27,-8.26,0,12,10,10,0,0
409,Texas State,Bobcats,San Marcos,TX,1985,2023,39,1149,541,608,0.471,-7.73,-5.34,0,5,2,2,0,0
410,Texas Tech,Red Raiders,Lubbock,TX,1926,2023,95,2578,1453,1125,0.564,4.87,2.84,8,13,5,19,1,0
411,Texas Wesleyan,Rams,Fort Worth,TX,1948,1948,1,30,19,11,0.633,,,0,0,0,0,0,0
412,Texas-Rio Grande Valley,Vaqueros,Edinburg,TX,1969,2023,55,1551,665,886,0.429,-8.36,-3.09,0,0,0,0,0,0
413,The Citadel,Bulldogs,Charleston,SC,1913,2023,111,2480,1039,1441,0.419,-12.86,-5.35,0,0,0,0,0,0
414,Toledo,Rockets,Toledo,OH,1916,2023,108,2664,1544,1120,0.58,1.1,-0.35,2,15,1,4,0,0
415,Towson,Tigers,Towson,MD,1980,2023,44,1303,564,739,0.433,-7.37,-4.19,0,5,3,2,0,0
416,Trinity (CT),Bantams,Hartford,CT,1897,1911,8,81,28,53,0.346,,,0,0,0,,,
417,Trinity (TX),Tigers,San Antonio,TX,1971,1973,3,70,25,45,0.357,-24.37,-5.64,0,0,0,0,0,0
418,Troy,Trojans,Troy,AL,1994,2023,30,902,431,471,0.478,-7.22,-4.79,0,6,2,2,0,0
419,Tulane,Green Wave,New Orleans,LA,1906,2023,113,2628,1273,1355,0.484,-0.88,1.32,1,6,0,3,0,0
420,Tulsa,Golden Hurricane,Tulsa,OK,1914,2023,110,2722,1498,1224,0.55,4.85,3.26,5,11,6,16,0,0
421,U.S. International,Gulls,San Diego,CA,1982,1991,10,279,69,210,0.247,-18.06,-5.34,0,0,0,0,0,0
422,UAB,Blazers,Birmingham,AL,1980,2023,44,1416,892,524,0.63,6.54,2.38,2,7,6,16,0,0
423,UC Davis,Aggies,Davis,CA,2008,2023,16,485,221,264,0.456,-5.59,-2.65,0,2,1,1,0,0
424,UC Irvine,Anteaters,Irvine,CA,1978,2023,46,1385,702,683,0.507,-1.1,0.16,0,7,2,2,0,0
425,UC Riverside,Highlanders,Riverside,CA,2002,2023,22,649,249,400,0.384,-7.14,-1.98,0,0,0,0,0,0
426,UC San Diego,Tritons,La Jolla,CA,2021,2023,3,76,30,46,0.395,-6.74,-0.95,0,0,0,0,0,0
427,UC Santa Barbara,Gauchos,Santa Barbara,CA,1964,2023,60,1706,924,782,0.542,-0.11,-0.15,0,5,4,6,0,0
428,UCLA,Bruins,Los Angeles,CA,1920,2023,104,2875,1985,890,0.69,15.65,7.03,42,32,4,51,19,11
429,UNC Asheville,Bulldogs,Asheville,NC,1987,2023,37,1104,541,563,0.49,-9.35,-5.62,0,8,5,4,0,0
430,UNC Greensboro,Spartans,Greensboro,NC,1992,2023,32,981,482,499,0.491,-5.68,-4.07,0,7,4,4,0,0
431,UNC Wilmington,Seahawks,Wilmington,NC,1977,2023,47,1394,728,666,0.522,-2.9,-2.61,0,9,6,6,0,0
432,Union (NY),Dutchmen,Schenectady,NY,1907,1925,19,266,162,104,0.609,,,0,0,0,,,
433,UT Arlington,Mavericks,Arlington,TX,1969,2023,55,1583,725,858,0.458,-7.85,-4.29,0,3,1,1,0,0
434,Utah State,Aggies,Logan,UT,1904,2023,118,2850,1691,1159,0.593,4.21,1.08,5,16,10,22,0,0
435,Utah Tech,Trailblazers,St. George,UT,2021,2023,3,83,34,49,0.41,-7.5,-0.86,0,0,0,0,0,0
436,Utah,Utes,Salt Lake City,UT,1909,2023,115,2941,1875,1066,0.638,8.22,3.8,21,30,5,29,4,1
437,Utah Valley,Wolverines,Orem,UT,2010,2023,14,435,239,196,0.549,-4.48,-4.17,0,5,0,0,0,0
438,UTEP,Miners,El Paso,TX,1923,2023,95,2459,1398,1061,0.569,2.64,0.72,4,11,5,17,1,1
439,Utica,Pioneers,Utica,NY,1982,1987,6,158,64,94,0.405,-12.94,-7.34,0,0,0,0,0,0
440,UTSA,Roadrunners,San Antonio,TX,1982,2023,42,1243,611,632,0.492,-5.95,-4.18,0,3,4,4,0,0
441,Valparaiso,Beacons,Valparaiso,IN,1918,2023,88,2260,1183,1077,0.523,-4.15,-1.49,0,14,10,9,0,0
442,Vanderbilt,Commodores,Nashville,TN,1901,2023,121,2896,1663,1233,0.574,8.31,5.08,11,3,3,15,0,0
443,Vermont,Catamounts,Burlington,VT,1921,2023,68,1857,1009,848,0.543,-9.48,-7.06,0,14,8,8,0,0
444,Villanova,Wildcats,Villanova,PA,1921,2023,103,2838,1867,971,0.658,10.48,5.85,26,14,8,41,7,3
445,Virginia,Cavaliers,Charlottesville,VA,1906,2023,118,2920,1717,1202,0.588,7.07,5.58,15,11,3,24,3,1
446,Virginia Commonwealth,Rams,Richmond,VA,1974,2023,50,1538,1001,536,0.651,5.56,0.87,3,11,9,18,1,0
447,Virginia Military Institute,Keydets,Lexington,VA,1909,2023,115,2552,942,1610,0.369,-12.7,-4.67,1,2,3,3,0,0
448,Virginia Tech,Hokies,Blacksburg,VA,1909,2023,115,2805,1536,1269,0.548,4.17,1.7,3,2,2,13,0,0
449,Wabash,Little Giants,Crawfordsville,IN,1897,1925,29,407,301,106,0.74,,,0,0,0,,,
450,Wagner,Seahawks,Staten Island,NY,1966,2023,51,1455,714,741,0.491,-9.58,-7.52,0,4,1,1,0,0
451,Wake Forest,Demon Deacons,Winston-Salem,NC,1906,2023,117,2892,1599,1293,0.553,8.01,6.21,17,4,5,23,1,0
452,Washburn,Ichabods,Topeka,KS,1906,1941,35,557,270,283,0.488,,,0,0,0,0,0,0
453,Washington & Jefferson,Presidents,Washington,PA,1913,1944,10,128,73,55,0.57,,,0,0,0,0,0,0
454,Washington & Lee,Generals,Lexington,VA,1907,1959,51,905,472,432,0.522,-15.24,-5.6,0,3,2,0,0,0
455,Washington (MO),Bears,St. Louis,MO,1905,1960,52,921,433,488,0.47,-5.22,-1.75,0,2,0,0,0,0
456,Washington College,Shoremen,Chestertown,MD,1913,1925,13,151,109,42,0.722,,,0,0,0,,,
457,Washington,Huskies,Seattle,WA,1896,2023,122,3104,1850,1254,0.596,7.4,6.16,8,12,3,17,1,0
458,Washington State,Cougars,Pullman,WA,1902,2023,122,3247,1661,1586,0.512,3.28,4.95,3,2,0,6,1,0
459,Wayne State (MI),Warriors,Detroit,MI,1928,1950,5,104,47,57,0.452,,,0,0,0,0,0,0
460,Weber State,Wildcats,Ogden,UT,1964,2023,60,1767,1106,661,0.626,0.18,-2.64,1,22,10,16,0,0
461,Wesleyan (CT),Cardinals,Middletown,CT,1896,1913,13,171,97,74,0.567,,,0,0,0,,,
462,West Chester,Golden Rams,West Chester,PA,1899,1982,10,244,86,158,0.352,-17.61,-8.15,0,1,0,0,0,0
463,West Texas A&M,Buffaloes,Canyon,TX,1921,1986,54,1275,707,568,0.555,-6.34,-1.64,0,4,0,1,0,0
464,West Virginia,Mountaineers,Morgantown West,VA,1904,2023,114,2995,1845,1150,0.616,7.51,2.97,19,16,13,30,2,0
465,Western Carolina,Catamounts,Cullowhee,NC,1977,2023,47,1386,609,777,0.439,-8.5,-3.72,0,3,1,1,0,0
466,Western Colorado,Mountaineers,Gunnison,CO,1924,1937,14,189,88,101,0.466,,,0,0,0,,,
467,Western Illinois,Leathernecks,Macomb,IL,1982,2023,42,1199,498,701,0.415,-8.61,-3.75,0,2,1,0,0,0
468,Western Kentucky,Hilltoppers,Bowling Green,KY,1922,2023,102,2839,1868,971,0.658,3.3,-0.1,11,29,19,23,1,0
469,Western Michigan,Broncos,Kalamazoo,MI,1914,2023,110,2663,1368,1294,0.514,-3.04,-0.16,1,11,2,4,0,0
470,Westminster (MO),Blue Jays,Fulton,MO,1920,1920,1,17,17,0,1,,,0,0,0,,,
471,Westminster (PA),Titans,New Wilmington,PA,1898,1935,21,294,210,84,0.714,,,0,0,0,,,
472,Wheaton (IL),Thunder,Wheaton,IL,1902,1905,4,57,39,17,0.696,,,0,0,0,,,
473,Whittier,Poets,Whittier,CA,1909,1915,3,42,38,3,0.927,,,0,0,0,,,
474,Wichita State,Shockers,Wichita,KS,1906,2023,116,2899,1655,1244,0.571,6.14,3.38,8,12,4,16,2,0
475,Widener,Pride,Chester,PA,1899,1909,5,26,20,6,0.769,,,0,0,0,,,
476,William & Mary,Tribe,Williamsburg,VA,1906,2023,118,2749,1279,1470,0.465,-5.63,-2.63,0,3,0,0,0,0
477,Williams,Ephs,Williamstown,MA,1901,1911,10,161,136,24,0.85,,,0,0,0,,,
478,Winthrop,Eagles,Rock Hill,SC,1987,2023,37,1117,620,497,0.555,-7.05,-6.62,1,12,13,11,0,0
479,Wisconsin,Badgers,Madison,WA,1899,2023,125,2952,1694,1258,0.574,8.85,7.87,18,20,3,26,4,1
480,Wisconsin-Stevens Point,Pointers,Stevens Point,WA,1898,1918,21,156,98,58,0.628,,,0,0,0,,,
481,Wisconsin-Superior,Yellowjackets,Superior,WA,1900,1901,2,14,10,4,0.714,,,0,0,0,,,
482,Wittenberg,Tigers,Springfield,OH,1931,1931,1,20,18,2,0.9,,,0,0,0,,,
483,Wofford,Terriers,Spartanburg,SC,1996,2023,28,860,437,423,0.508,-4.72,-2.61,1,4,5,5,0,0
484,Wooster,Fighting Scots,Wooster,OH,1901,1931,31,390,225,165,0.577,,,0,0,0,,,
485,WPI,Engineers,Worcester,MA,1920,1920,1,16,14,2,0.875,,,0,0,0,,,
486,Wright State,Raiders,Dayton,OH,1988,2023,36,1096,613,483,0.559,-1.35,-2.52,0,4,4,4,0,0
487,Wyoming,Cowboys,Laramie,WY,1905,2023,118,2843,1594,1249,0.561,2.77,2.72,4,21,3,16,1,1
488,Xavier,Musketeers,Cincinnati,OH,1920,2023,102,2657,1591,1066,0.599,5.99,3.9,12,18,9,28,0,0
489,Yale,Bulldogs,New Haven,CT,1896,2023,128,3050,1542,1505,0.506,-6.13,-4.52,1,15,2,6,0,0
490,Youngstown State,Penguins,Youngstown,OH,1948,2023,43,1258,508,750,0.404,-8.17,-3.49,0,1,0,0,0,0